{"mean_": [5.390538717620075e-10, -2.7264468371868134e-10, 2.6906491257250307e-10, 6.628688424825668e-10, 1.0943040251731872e-10, 2.5816261768341063e-09, 1.0728836059570312e-09, 0.462, 0.538, 0.142, 0.143, 0.142, 0.144, 0.144, 0.141, 0.144, 0.02, 0.286, 0.404], "scale_": [1.0000000009951178, 0.9999999996131818, 1.0000000001110667, 1.000000000011781, 1.000000000932205, 0.9999999888838185, 1.0000000043572561, 0.4985539088203035, 0.4985539088203034, 0.34905013966477366, 0.35007284956134377, 0.3490501396647735, 0.35108973211986677, 0.35108973211986677, 0.34802155105682614, 0.35108973211986677, 0.1399999999999995, 0.4518893669915207, 0.4906974628016783]}